{
  "collected_at": 1697932800.0,
  "high_temp_days": 0,
  "day_temp": 20.225004631346643,
  "day_hum": 0.0,
  "cycle_0": 1697961600.0,
  "cycle_now": 1697968800.0,
  "cycle_temp": 21.97665496906828
}