{
    "collected_at": 1694217600.0,
    "high_temp_days": 0,
    "day_temp": 10.999698137363138,
    "day_hum": 0.0,
    "cycle_0": 1694246400.0,
    "cycle_now": 1694232000.0,
    "cycle_temp": 10.999698137363138
}