{
  "collected_at": 1696809600.0,
  "high_temp_days": 0,
  "day_temp": 15.987411478064894,
  "day_hum": 0.0,
  "cycle_0": 1696838400.0,
  "cycle_now": 1696842000.0,
  "cycle_temp": 13.730425965038682
}